{"v":"5.10.2","fr":23.9759979248047,"ip":0,"op":199.999982689395,"w":160,"h":600,"nm":"_UVA-NV002_Display_160x600","ddd":0,"assets":[{"id":"image_0","w":197,"h":214,"u":"images/","p":"img_0.png","e":0},{"id":"image_1","w":260,"h":100,"u":"images/","p":"img_1.png","e":0},{"id":"image_2","w":114,"h":12,"u":"images/","p":"img_2.png","e":0},{"id":"comp_0","nm":"spire plz rotate (x/y position aren't working, and the speed values are just too....hard to re-manage lol","fr":23.9759979248047,"layers":[{"ddd":0,"ind":1,"ty":2,"nm":"SPIRE 9","refId":"image_0","sr":1,"ks":{"o":{"a":0,"k":100,"ix":11},"r":{"a":0,"k":0,"ix":10},"p":{"s":true,"x":{"a":0,"k":1448.876,"ix":3},"y":{"a":1,"k":[{"i":{"x":[0.201],"y":[1]},"o":{"x":[0.167],"y":[0.374]},"t":150,"s":[1581.488]},{"i":{"x":[0.952],"y":[0.31]},"o":{"x":[0.724],"y":[0.017]},"t":184,"s":[1276.508]},{"t":198.999982775948,"s":[998.078]}],"ix":4}},"a":{"a":0,"k":[98.5,107,0],"ix":1,"l":2},"s":{"a":0,"k":[94.861,94.861,100],"ix":6,"l":2}},"ao":0,"ip":149.999987017046,"op":199.999982689395,"st":149.999987017046,"bm":0},{"ddd":0,"ind":2,"ty":2,"nm":"SPIRE 8","refId":"image_0","sr":1,"ks":{"o":{"a":0,"k":100,"ix":11},"r":{"a":0,"k":0,"ix":10},"p":{"s":true,"x":{"a":0,"k":1448.876,"ix":3},"y":{"a":1,"k":[{"i":{"x":[0.201],"y":[1]},"o":{"x":[0.167],"y":[0.374]},"t":100,"s":[1581.488]},{"i":{"x":[0.952],"y":[0.31]},"o":{"x":[0.724],"y":[0.017]},"t":134,"s":[1276.508]},{"t":148.999987103599,"s":[998.078]}],"ix":4}},"a":{"a":0,"k":[98.5,107,0],"ix":1,"l":2},"s":{"a":0,"k":[94.861,94.861,100],"ix":6,"l":2}},"ao":0,"ip":99.9999913446975,"op":149.999987017046,"st":99.9999913446975,"bm":0},{"ddd":0,"ind":3,"ty":2,"nm":"SPIRE 7","refId":"image_0","sr":1,"ks":{"o":{"a":0,"k":100,"ix":11},"r":{"a":0,"k":0,"ix":10},"p":{"s":true,"x":{"a":0,"k":1448.876,"ix":3},"y":{"a":1,"k":[{"i":{"x":[0.201],"y":[1]},"o":{"x":[0.167],"y":[0.374]},"t":50,"s":[1581.488]},{"i":{"x":[0.952],"y":[0.31]},"o":{"x":[0.724],"y":[0.017]},"t":84,"s":[1276.508]},{"t":98.9999914312506,"s":[998.078]}],"ix":4}},"a":{"a":0,"k":[98.5,107,0],"ix":1,"l":2},"s":{"a":0,"k":[94.861,94.861,100],"ix":6,"l":2}},"ao":0,"ip":49.9999956723488,"op":99.9999913446975,"st":49.9999956723488,"bm":0},{"ddd":0,"ind":4,"ty":2,"nm":"SPIRE 5","refId":"image_0","sr":1,"ks":{"o":{"a":0,"k":100,"ix":11},"r":{"a":0,"k":0,"ix":10},"p":{"s":true,"x":{"a":0,"k":1448.876,"ix":3},"y":{"a":1,"k":[{"i":{"x":[0.201],"y":[1]},"o":{"x":[0.167],"y":[0.374]},"t":0,"s":[1581.488]},{"i":{"x":[0.952],"y":[0.31]},"o":{"x":[0.724],"y":[0.017]},"t":34,"s":[1276.508]},{"t":48.9999957589018,"s":[998.078]}],"ix":4}},"a":{"a":0,"k":[98.5,107,0],"ix":1,"l":2},"s":{"a":0,"k":[94.861,94.861,100],"ix":6,"l":2}},"ao":0,"ip":0,"op":49.9999956723488,"st":0,"bm":0}]}],"fonts":{"list":[{"fName":"FranklinGothicURW-Hea","fFamily":"FranklinGothic URW","fStyle":"Heavy","ascent":66.69921875},{"fName":"FranklinGothicURW-Dem","fFamily":"FranklinGothic URW","fStyle":"Demi","ascent":66.69921875}]},"layers":[{"ddd":0,"ind":1,"ty":5,"nm":"Professional learning with UVA excellence. 4","sr":1.01910828025478,"ks":{"o":{"a":1,"k":[{"i":{"x":[0.833],"y":[0.833]},"o":{"x":[0.167],"y":[0.167]},"t":189.593,"s":[100]},{"t":198.763811447818,"s":[0]}],"ix":11},"r":{"a":0,"k":0,"ix":10},"p":{"a":0,"k":[14.958,246.472,0],"ix":2,"l":2},"a":{"a":0,"k":[-387.583,-68.274,0],"ix":1,"l":2},"s":{"a":0,"k":[102.128,102.128,100],"ix":6,"l":2}},"ao":0,"t":{"d":{"k":[{"s":{"sz":[656,440.452514648438],"ps":[-390,-262],"s":23.9200000762939,"f":"FranklinGothicURW-Dem","t":"Professional\rlearning\rwith UVA\rexcellence.","ca":0,"j":0,"tr":0,"lh":24.6700000762939,"ls":0,"fc":[1,1,1]},"t":0}]},"p":{},"m":{"g":1,"a":{"a":0,"k":[0,0],"ix":2}},"a":[{"nm":"Animator 1","s":{"t":0,"xe":{"a":0,"k":0,"ix":7},"ne":{"a":0,"k":100,"ix":8},"a":{"a":0,"k":100,"ix":4},"b":4,"rn":0,"sh":2,"sm":{"a":0,"k":100,"ix":6},"o":{"a":1,"k":[{"i":{"x":[0.833],"y":[0.833]},"o":{"x":[0.167],"y":[0.167]},"t":102.93,"s":[-100]},{"i":{"x":[0.833],"y":[0.833]},"o":{"x":[0.167],"y":[0.167]},"t":138.598,"s":[100]},{"i":{"x":[0.833],"y":[0.833]},"o":{"x":[0.167],"y":[0.167]},"t":182.516,"s":[100]},{"t":204.935840103673,"s":[-100]}],"ix":3},"r":1},"a":{"p":{"a":0,"k":[0,-26,0],"ix":2},"o":{"a":0,"k":0,"ix":9},"bl":{"a":0,"k":[0,7],"ix":95}}}]},"ip":156.999986411175,"op":199.999982689395,"st":-3.05732457614362,"ct":1,"bm":0},{"ddd":0,"ind":2,"ty":5,"nm":"Professional learning with UVA excellence. 3","sr":1.01910828025478,"ks":{"o":{"a":1,"k":[{"i":{"x":[0.833],"y":[0.833]},"o":{"x":[0.167],"y":[0.167]},"t":191.593,"s":[100]},{"t":200.763815798942,"s":[0]}],"ix":11},"r":{"a":0,"k":0,"ix":10},"p":{"a":0,"k":[14.958,246.472,0],"ix":2,"l":2},"a":{"a":0,"k":[-387.583,-68.274,0],"ix":1,"l":2},"s":{"a":0,"k":[102.128,102.128,100],"ix":6,"l":2}},"ao":0,"t":{"d":{"k":[{"s":{"sz":[656,440.452514648438],"ps":[-390,-262],"s":23.9200000762939,"f":"FranklinGothicURW-Dem","t":"Professional\rlearning\rwith UVA\rexcellence.","ca":0,"j":0,"tr":0,"lh":24.6700000762939,"ls":0,"fc":[1,1,1]},"t":0}]},"p":{},"m":{"g":1,"a":{"a":0,"k":[0,0],"ix":2}},"a":[{"nm":"Animator 1","s":{"t":0,"xe":{"a":0,"k":0,"ix":7},"ne":{"a":0,"k":100,"ix":8},"a":{"a":0,"k":100,"ix":4},"b":4,"rn":0,"sh":2,"sm":{"a":0,"k":100,"ix":6},"o":{"a":1,"k":[{"i":{"x":[0.833],"y":[0.833]},"o":{"x":[0.167],"y":[0.167]},"t":102.93,"s":[-100]},{"i":{"x":[0.833],"y":[0.833]},"o":{"x":[0.167],"y":[0.167]},"t":138.598,"s":[100]},{"i":{"x":[0.833],"y":[0.833]},"o":{"x":[0.167],"y":[0.167]},"t":187.516,"s":[100]},{"t":209.935885279425,"s":[-100]}],"ix":3},"r":1},"a":{"p":{"a":0,"k":[0,46,0],"ix":2},"o":{"a":0,"k":0,"ix":9},"bl":{"a":0,"k":[0,7],"ix":95}}}]},"ip":0,"op":156.999986411175,"st":-3.05732457614362,"ct":1,"bm":0},{"ddd":0,"ind":3,"ty":5,"nm":"and neither are we. 6","sr":1,"ks":{"o":{"a":1,"k":[{"i":{"x":[0.833],"y":[0.833]},"o":{"x":[0.167],"y":[0.167]},"t":95,"s":[100]},{"t":103.999990998485,"s":[0]}],"ix":11},"r":{"a":0,"k":0,"ix":10},"p":{"a":1,"k":[{"i":{"x":0.24,"y":1},"o":{"x":0.76,"y":0},"t":86,"s":[15.478,304.984,0],"to":[0,0,0],"ti":[0,0,0]},{"t":115.999989959849,"s":[15.478,275.084,0]}],"ix":2,"l":2},"a":{"a":0,"k":[-387.583,-68.274,0],"ix":1,"l":2},"s":{"a":0,"k":[104,104,100],"ix":6,"l":2}},"ao":0,"hasMask":true,"masksProperties":[{"inv":false,"mode":"a","pt":{"a":0,"k":{"i":[[0,0],[0,0],[0,0],[0,0]],"o":[[0,0],[0,0],[0,0],[0,0]],"v":[[-265.333,-239.399],[-395.208,-239.399],[-395.208,-215.774],[-265.333,-215.774]],"c":true},"ix":1},"o":{"a":0,"k":100,"ix":3},"x":{"a":0,"k":0,"ix":4},"nm":"Mask 1"}],"t":{"d":{"k":[{"s":{"sz":[656,440.452514648438],"ps":[-390,-262],"s":23.9200000762939,"f":"FranklinGothicURW-Dem","t":"and neither\rare we.","ca":0,"j":0,"tr":0,"lh":24.6700000762939,"ls":0,"fc":[1,1,1]},"t":0}]},"p":{},"m":{"g":1,"a":{"a":0,"k":[0,0],"ix":2}},"a":[{"nm":"Animator 1","s":{"t":0,"xe":{"a":0,"k":0,"ix":7},"ne":{"a":0,"k":100,"ix":8},"a":{"a":0,"k":100,"ix":4},"b":4,"rn":0,"sh":2,"sm":{"a":0,"k":100,"ix":6},"o":{"a":1,"k":[{"i":{"x":[0.833],"y":[0.833]},"o":{"x":[0.167],"y":[0.167]},"t":31,"s":[-100]},{"t":65.9999942875004,"s":[100]}],"ix":3},"r":1},"a":{"p":{"a":0,"k":[0,46,0],"ix":2},"o":{"a":0,"k":0,"ix":9},"bl":{"a":0,"k":[0,7],"ix":95}}}]},"ip":82.999992816099,"op":199.999982689395,"st":-3.9999996537879,"ct":1,"bm":0},{"ddd":0,"ind":4,"ty":5,"nm":"and neither are we. 5","sr":1,"ks":{"o":{"a":1,"k":[{"i":{"x":[0.833],"y":[0.833]},"o":{"x":[0.167],"y":[0.167]},"t":94,"s":[100]},{"t":102.999991085038,"s":[0]}],"ix":11},"r":{"a":0,"k":0,"ix":10},"p":{"a":1,"k":[{"i":{"x":0.24,"y":1},"o":{"x":0.76,"y":0},"t":85,"s":[15.478,304.984,0],"to":[0,0,0],"ti":[0,0,0]},{"t":114.999990046402,"s":[15.478,275.084,0]}],"ix":2,"l":2},"a":{"a":0,"k":[-387.583,-68.274,0],"ix":1,"l":2},"s":{"a":0,"k":[104,104,100],"ix":6,"l":2}},"ao":0,"hasMask":true,"masksProperties":[{"inv":false,"mode":"a","pt":{"a":0,"k":{"i":[[0,0],[0,0],[0,0],[0,0]],"o":[[0,0],[0,0],[0,0],[0,0]],"v":[[-265.333,-266.524],[-395.208,-266.524],[-395.208,-242.899],[-265.333,-242.899]],"c":true},"ix":1},"o":{"a":0,"k":100,"ix":3},"x":{"a":0,"k":0,"ix":4},"nm":"Mask 1"}],"t":{"d":{"k":[{"s":{"sz":[656,440.452514648438],"ps":[-390,-262],"s":23.9200000762939,"f":"FranklinGothicURW-Dem","t":"and neither\rare we.","ca":0,"j":0,"tr":0,"lh":24.6700000762939,"ls":0,"fc":[1,1,1]},"t":0}]},"p":{},"m":{"g":1,"a":{"a":0,"k":[0,0],"ix":2}},"a":[{"nm":"Animator 1","s":{"t":0,"xe":{"a":0,"k":0,"ix":7},"ne":{"a":0,"k":100,"ix":8},"a":{"a":0,"k":100,"ix":4},"b":4,"rn":0,"sh":2,"sm":{"a":0,"k":100,"ix":6},"o":{"a":1,"k":[{"i":{"x":[0.833],"y":[0.833]},"o":{"x":[0.167],"y":[0.167]},"t":31,"s":[-100]},{"t":65.9999942875004,"s":[100]}],"ix":3},"r":1},"a":{"p":{"a":0,"k":[0,46,0],"ix":2},"o":{"a":0,"k":0,"ix":9},"bl":{"a":0,"k":[0,7],"ix":95}}}]},"ip":82.999992816099,"op":199.999982689395,"st":-3.9999996537879,"ct":1,"bm":0},{"ddd":0,"ind":5,"ty":5,"nm":"Learning isn’t static 6","sr":1,"ks":{"o":{"a":1,"k":[{"i":{"x":[0.833],"y":[0.833]},"o":{"x":[0.167],"y":[0.167]},"t":93,"s":[100]},{"t":101.999991171592,"s":[0]}],"ix":11},"r":{"a":0,"k":0,"ix":10},"p":{"a":1,"k":[{"i":{"x":0.24,"y":1},"o":{"x":0.76,"y":0},"t":84,"s":[15.478,253.733,0],"to":[0,0,0],"ti":[0,0,0]},{"t":113.999990132955,"s":[15.478,223.833,0]}],"ix":2,"l":2},"a":{"a":0,"k":[-387.583,-68.274,0],"ix":1,"l":2},"s":{"a":0,"k":[104,104,100],"ix":6,"l":2}},"ao":0,"hasMask":true,"masksProperties":[{"inv":false,"mode":"a","pt":{"a":0,"k":{"i":[[0,0],[0,0],[0,0],[0,0]],"o":[[0,0],[0,0],[0,0],[0,0]],"v":[[-259.333,-239.774],[-396.083,-239.774],[-396.083,-212.774],[-259.333,-212.774]],"c":true},"ix":1},"o":{"a":0,"k":100,"ix":3},"x":{"a":0,"k":0,"ix":4},"nm":"Mask 1"}],"t":{"d":{"k":[{"s":{"sz":[656,440.452514648438],"ps":[-390,-262],"s":23.9200000762939,"f":"FranklinGothicURW-Dem","t":"Learning\risn’t static","ca":0,"j":0,"tr":0,"lh":24.6700000762939,"ls":0,"fc":[1,1,1]},"t":0}]},"p":{},"m":{"g":1,"a":{"a":0,"k":[0,0],"ix":2}},"a":[{"nm":"Animator 1","s":{"t":0,"xe":{"a":0,"k":0,"ix":7},"ne":{"a":0,"k":100,"ix":8},"a":{"a":0,"k":100,"ix":4},"b":4,"rn":0,"sh":2,"sm":{"a":0,"k":100,"ix":6},"o":{"a":1,"k":[{"i":{"x":[0.833],"y":[0.833]},"o":{"x":[0.167],"y":[0.167]},"t":-7,"s":[-100]},{"t":27.9999975765153,"s":[100]}],"ix":3},"r":1},"a":{"p":{"a":0,"k":[0,46,0],"ix":2},"o":{"a":0,"k":0,"ix":9},"bl":{"a":0,"k":[0,7],"ix":95}}}]},"ip":82.999992816099,"op":199.999982689395,"st":-9.99999913446976,"ct":1,"bm":0},{"ddd":0,"ind":6,"ty":5,"nm":"Learning isn’t static 5","sr":1,"ks":{"o":{"a":1,"k":[{"i":{"x":[0.833],"y":[0.833]},"o":{"x":[0.167],"y":[0.167]},"t":92,"s":[100]},{"t":100.999991258145,"s":[0]}],"ix":11},"r":{"a":0,"k":0,"ix":10},"p":{"a":1,"k":[{"i":{"x":0.24,"y":1},"o":{"x":0.76,"y":0},"t":83,"s":[15.478,253.733,0],"to":[0,0,0],"ti":[0,0,0]},{"t":112.999990219508,"s":[15.478,223.833,0]}],"ix":2,"l":2},"a":{"a":0,"k":[-387.583,-68.274,0],"ix":1,"l":2},"s":{"a":0,"k":[104,104,100],"ix":6,"l":2}},"ao":0,"hasMask":true,"masksProperties":[{"inv":false,"mode":"a","pt":{"a":0,"k":{"i":[[0,0],[0,0],[0,0],[0,0]],"o":[[0,0],[0,0],[0,0],[0,0]],"v":[[-283.333,-270.649],[-396.083,-270.649],[-396.083,-240.149],[-283.333,-240.149]],"c":true},"ix":1},"o":{"a":0,"k":100,"ix":3},"x":{"a":0,"k":0,"ix":4},"nm":"Mask 1"}],"t":{"d":{"k":[{"s":{"sz":[656,440.452514648438],"ps":[-390,-262],"s":23.9200000762939,"f":"FranklinGothicURW-Dem","t":"Learning\risn’t static","ca":0,"j":0,"tr":0,"lh":24.6700000762939,"ls":0,"fc":[1,1,1]},"t":0}]},"p":{},"m":{"g":1,"a":{"a":0,"k":[0,0],"ix":2}},"a":[{"nm":"Animator 1","s":{"t":0,"xe":{"a":0,"k":0,"ix":7},"ne":{"a":0,"k":100,"ix":8},"a":{"a":0,"k":100,"ix":4},"b":4,"rn":0,"sh":2,"sm":{"a":0,"k":100,"ix":6},"o":{"a":1,"k":[{"i":{"x":[0.833],"y":[0.833]},"o":{"x":[0.167],"y":[0.167]},"t":-7,"s":[-100]},{"t":27.9999975765153,"s":[100]}],"ix":3},"r":1},"a":{"p":{"a":0,"k":[0,46,0],"ix":2},"o":{"a":0,"k":0,"ix":9},"bl":{"a":0,"k":[0,7],"ix":95}}}]},"ip":82.999992816099,"op":199.999982689395,"st":-9.99999913446976,"ct":1,"bm":0},{"ddd":0,"ind":7,"ty":5,"nm":"and neither are we. 4","sr":1,"ks":{"o":{"a":0,"k":100,"ix":11},"r":{"a":0,"k":0,"ix":10},"p":{"a":0,"k":[15.478,304.984,0],"ix":2,"l":2},"a":{"a":0,"k":[-387.583,-68.274,0],"ix":1,"l":2},"s":{"a":0,"k":[104,104,100],"ix":6,"l":2}},"ao":0,"t":{"d":{"k":[{"s":{"sz":[656,440.452514648438],"ps":[-390,-262],"s":23.9200000762939,"f":"FranklinGothicURW-Dem","t":"and neither\rare we.","ca":0,"j":0,"tr":0,"lh":24.6700000762939,"ls":0,"fc":[1,1,1]},"t":0}]},"p":{},"m":{"g":1,"a":{"a":0,"k":[0,0],"ix":2}},"a":[{"nm":"Animator 1","s":{"t":0,"xe":{"a":0,"k":0,"ix":7},"ne":{"a":0,"k":100,"ix":8},"a":{"a":0,"k":100,"ix":4},"b":4,"rn":0,"sh":2,"sm":{"a":0,"k":100,"ix":6},"o":{"a":1,"k":[{"i":{"x":[0.833],"y":[0.833]},"o":{"x":[0.167],"y":[0.167]},"t":31,"s":[-100]},{"t":65.9999942875004,"s":[100]}],"ix":3},"r":1},"a":{"p":{"a":0,"k":[0,46,0],"ix":2},"o":{"a":0,"k":0,"ix":9},"bl":{"a":0,"k":[0,7],"ix":95}}}]},"ip":0,"op":82.999992816099,"st":-3.9999996537879,"ct":1,"bm":0},{"ddd":0,"ind":8,"ty":5,"nm":"Learning isn’t static 4","sr":1,"ks":{"o":{"a":0,"k":100,"ix":11},"r":{"a":0,"k":0,"ix":10},"p":{"a":0,"k":[15.478,253.733,0],"ix":2,"l":2},"a":{"a":0,"k":[-387.583,-68.274,0],"ix":1,"l":2},"s":{"a":0,"k":[104,104,100],"ix":6,"l":2}},"ao":0,"t":{"d":{"k":[{"s":{"sz":[656,440.452514648438],"ps":[-390,-262],"s":23.9200000762939,"f":"FranklinGothicURW-Dem","t":"Learning\risn’t static","ca":0,"j":0,"tr":0,"lh":24.6700000762939,"ls":0,"fc":[1,1,1]},"t":0}]},"p":{},"m":{"g":1,"a":{"a":0,"k":[0,0],"ix":2}},"a":[{"nm":"Animator 1","s":{"t":0,"xe":{"a":0,"k":0,"ix":7},"ne":{"a":0,"k":100,"ix":8},"a":{"a":0,"k":100,"ix":4},"b":4,"rn":0,"sh":2,"sm":{"a":0,"k":100,"ix":6},"o":{"a":1,"k":[{"i":{"x":[0.833],"y":[0.833]},"o":{"x":[0.167],"y":[0.167]},"t":-7,"s":[-100]},{"t":27.9999975765153,"s":[100]}],"ix":3},"r":1},"a":{"p":{"a":0,"k":[0,46,0],"ix":2},"o":{"a":0,"k":0,"ix":9},"bl":{"a":0,"k":[0,7],"ix":95}}}]},"ip":0,"op":82.999992816099,"st":-9.99999913446976,"ct":1,"bm":0},{"ddd":0,"ind":9,"ty":0,"nm":"spire plz rotate (x/y position aren't working, and the speed values are just too....hard to re-manage lol","cl":"hard","refId":"comp_0","sr":1,"ks":{"o":{"a":0,"k":100,"ix":11},"r":{"a":0,"k":90,"ix":10},"p":{"a":0,"k":[-46.124,302.988,0],"ix":2,"l":2},"a":{"a":0,"k":[1448.876,1483.488,0],"ix":1,"l":2},"s":{"a":0,"k":[61.007,61.007,100],"ix":6,"l":2}},"ao":0,"w":3274,"h":2079,"ip":0,"op":198.999982775948,"st":0,"ct":1,"bm":0},{"ddd":0,"ind":10,"ty":2,"nm":"REVERSE_KO_PRIMARY_VERTICAL_RGB.eps","cl":"eps","refId":"image_1","sr":1,"ks":{"o":{"a":0,"k":100,"ix":11},"r":{"a":0,"k":0,"ix":10},"p":{"a":0,"k":[80,487,0],"ix":2,"l":2},"a":{"a":0,"k":[130,50,0],"ix":1,"l":2},"s":{"a":0,"k":[51.5,51.5,100],"ix":6,"l":2}},"ao":0,"ip":0,"op":199.999982689395,"st":0,"ct":1,"bm":0},{"ddd":0,"ind":11,"ty":2,"nm":"Learn more » 6","refId":"image_2","sr":1,"ks":{"o":{"a":0,"k":100,"ix":11},"r":{"a":0,"k":0,"ix":10},"p":{"a":1,"k":[{"i":{"x":0.38,"y":1},"o":{"x":0.333,"y":0},"t":0,"s":[79.504,581.75,0],"to":[0,0,0],"ti":[0,0,0]},{"i":{"x":0.833,"y":0.833},"o":{"x":0.62,"y":0},"t":12.978,"s":[81.879,581.75,0],"to":[0,0,0],"ti":[0,0,0]},{"i":{"x":0.667,"y":1},"o":{"x":0.039,"y":1},"t":23.793,"s":[79.504,581.75,0],"to":[0,0,0],"ti":[0,0,0]},{"i":{"x":0.38,"y":1},"o":{"x":0.333,"y":0},"t":24.875,"s":[79.504,581.75,0],"to":[0,0,0],"ti":[0,0,0]},{"i":{"x":0.833,"y":0.833},"o":{"x":0.62,"y":0},"t":37.853,"s":[81.879,581.75,0],"to":[0,0,0],"ti":[0,0,0]},{"i":{"x":0.667,"y":0.667},"o":{"x":0.167,"y":0.167},"t":48.668,"s":[79.504,581.75,0],"to":[0,0,0],"ti":[0,0,0]},{"i":{"x":0.38,"y":1},"o":{"x":0.333,"y":0},"t":49.75,"s":[79.504,581.75,0],"to":[0,0,0],"ti":[0,0,0]},{"i":{"x":0.833,"y":0.833},"o":{"x":0.62,"y":0},"t":62.728,"s":[81.879,581.75,0],"to":[0,0,0],"ti":[0,0,0]},{"i":{"x":0.667,"y":0.667},"o":{"x":0.167,"y":0.167},"t":73.543,"s":[79.504,581.75,0],"to":[0,0,0],"ti":[0,0,0]},{"i":{"x":0.38,"y":1},"o":{"x":0.333,"y":0},"t":74.625,"s":[79.504,581.75,0],"to":[0,0,0],"ti":[0,0,0]},{"i":{"x":0.833,"y":0.833},"o":{"x":0.62,"y":0},"t":87.603,"s":[81.879,581.75,0],"to":[0,0,0],"ti":[0,0,0]},{"i":{"x":0.667,"y":0.667},"o":{"x":0.167,"y":0.167},"t":98.418,"s":[79.504,581.75,0],"to":[0,0,0],"ti":[0,0,0]},{"i":{"x":0.38,"y":1},"o":{"x":0.333,"y":0},"t":99.5,"s":[79.504,581.75,0],"to":[0,0,0],"ti":[0,0,0]},{"i":{"x":0.833,"y":0.833},"o":{"x":0.62,"y":0},"t":112.478,"s":[81.879,581.75,0],"to":[0,0,0],"ti":[0,0,0]},{"i":{"x":0.667,"y":0.667},"o":{"x":0.167,"y":0.167},"t":123.293,"s":[79.504,581.75,0],"to":[0,0,0],"ti":[0,0,0]},{"i":{"x":0.38,"y":1},"o":{"x":0.333,"y":0},"t":124.375,"s":[79.504,581.75,0],"to":[0,0,0],"ti":[0,0,0]},{"i":{"x":0.833,"y":0.833},"o":{"x":0.62,"y":0},"t":137.353,"s":[81.879,581.75,0],"to":[0,0,0],"ti":[0,0,0]},{"i":{"x":0.667,"y":0.667},"o":{"x":0.167,"y":0.167},"t":148.168,"s":[79.504,581.75,0],"to":[0,0,0],"ti":[0,0,0]},{"i":{"x":0.38,"y":1},"o":{"x":0.333,"y":0},"t":149.25,"s":[79.504,581.75,0],"to":[0,0,0],"ti":[0,0,0]},{"i":{"x":0.833,"y":0.833},"o":{"x":0.62,"y":0},"t":162.228,"s":[81.879,581.75,0],"to":[0,0,0],"ti":[0,0,0]},{"i":{"x":0.667,"y":0.667},"o":{"x":0.167,"y":0.167},"t":173.043,"s":[79.504,581.75,0],"to":[0,0,0],"ti":[0,0,0]},{"i":{"x":0.38,"y":1},"o":{"x":0.333,"y":0},"t":174.125,"s":[79.504,581.75,0],"to":[0,0,0],"ti":[0,0,0]},{"i":{"x":0.833,"y":0.833},"o":{"x":0.62,"y":0},"t":187.103,"s":[81.879,581.75,0],"to":[0,0,0],"ti":[0,0,0]},{"i":{"x":0.667,"y":0.667},"o":{"x":0.167,"y":0.167},"t":197.918,"s":[79.504,581.75,0],"to":[0,0,0],"ti":[0,0,0]},{"t":198.999982775948,"s":[79.504,581.75,0]}],"ix":2,"l":2},"a":{"a":0,"k":[57,6,0],"ix":1,"l":2},"s":{"a":0,"k":[100,100,100],"ix":6,"l":2}},"ao":0,"hasMask":true,"masksProperties":[{"inv":false,"mode":"a","pt":{"a":0,"k":{"i":[[0,0],[0,0],[0,0],[0,0],[0,0]],"o":[[0,0],[0,0],[0,0],[0,0],[0,0]],"v":[[102.875,-2],[103.589,11.25],[112.151,12.5],[123.211,5.125],[111.794,-1.75]],"c":true},"ix":1},"o":{"a":0,"k":100,"ix":3},"x":{"a":0,"k":0,"ix":4},"nm":"Mask 1"}],"ip":0,"op":199.999982689395,"st":0,"bm":0},{"ddd":0,"ind":12,"ty":5,"nm":"Learn more » 5","sr":1,"ks":{"o":{"a":0,"k":100,"ix":11},"r":{"a":0,"k":0,"ix":10},"p":{"a":0,"k":[73.226,581.25,0],"ix":2,"l":2},"a":{"a":0,"k":[3.478,-60.881,0],"ix":1,"l":2},"s":{"a":0,"k":[8.83,8.827,100],"ix":6,"l":2}},"ao":0,"t":{"d":{"k":[{"s":{"s":181.268859863281,"f":"FranklinGothicURW-Hea","t":"LEARN MORE","ca":1,"j":2,"tr":0,"lh":217.522644042969,"ls":0,"fc":[1,1,1]},"t":0}]},"p":{},"m":{"g":1,"a":{"a":0,"k":[0,0],"ix":2}},"a":[]},"ip":0,"op":199.999982689395,"st":0,"ct":1,"bm":0},{"ddd":0,"ind":13,"ty":1,"nm":"Orange Solid 1","sr":1,"ks":{"o":{"a":0,"k":100,"ix":11},"r":{"a":0,"k":0,"ix":10},"p":{"a":0,"k":[80,562.75,0],"ix":2,"l":2},"a":{"a":0,"k":[80,0,0],"ix":1,"l":2},"s":{"a":0,"k":[143.125,13.208,100],"ix":6,"l":2}},"ao":0,"sw":160,"sh":600,"sc":"#e57200","ip":0,"op":199.999982689395,"st":0,"bm":0},{"ddd":0,"ind":14,"ty":1,"nm":"Medium Gray-Blue Solid 2","sr":1,"ks":{"o":{"a":0,"k":100,"ix":11},"r":{"a":0,"k":0,"ix":10},"p":{"a":0,"k":[80,300,0],"ix":2,"l":2},"a":{"a":0,"k":[80,300,0],"ix":1,"l":2},"s":{"a":0,"k":[100,100,100],"ix":6,"l":2}},"ao":0,"sw":160,"sh":600,"sc":"#232d4b","ip":0,"op":199.999982689395,"st":0,"bm":0}],"markers":[],"chars":[{"ch":"L","size":181.268859863281,"style":"Heavy","w":53.9,"data":{"shapes":[{"ty":"gr","it":[{"ind":0,"ty":"sh","ix":1,"ks":{"a":0,"k":{"i":[[0,0],[0,0],[0,0],[0,0],[0,0],[0,0]],"o":[[0,0],[0,0],[0,0],[0,0],[0,0],[0,0]],"v":[[52.872,-16.415],[26.486,-16.415],[26.486,-67.172],[5.841,-67.172],[5.841,0],[52.872,0]],"c":true},"ix":2},"nm":"L","mn":"ADBE Vector Shape - Group","hd":false}],"nm":"L","np":3,"cix":2,"bm":0,"ix":1,"mn":"ADBE Vector Group","hd":false}]},"fFamily":"FranklinGothic URW"},{"ch":"E","size":181.268859863281,"style":"Heavy","w":58.3,"data":{"shapes":[{"ty":"gr","it":[{"ind":0,"ty":"sh","ix":1,"ks":{"a":0,"k":{"i":[[0,0],[0,0],[0,0],[0,0],[0,0],[0,0],[0,0],[0,0],[0,0],[0,0],[0,0],[0,0]],"o":[[0,0],[0,0],[0,0],[0,0],[0,0],[0,0],[0,0],[0,0],[0,0],[0,0],[0,0],[0,0]],"v":[[56.296,-16.013],[26.083,-16.013],[26.083,-26.99],[50.555,-26.99],[50.555,-41.895],[26.083,-41.895],[26.083,-51.663],[56.296,-51.663],[56.296,-67.172],[5.841,-67.172],[5.841,0],[56.296,0]],"c":true},"ix":2},"nm":"E","mn":"ADBE Vector Shape - Group","hd":false}],"nm":"E","np":3,"cix":2,"bm":0,"ix":1,"mn":"ADBE Vector Group","hd":false}]},"fFamily":"FranklinGothic URW"},{"ch":"A","size":181.268859863281,"style":"Heavy","w":65.9,"data":{"shapes":[{"ty":"gr","it":[{"ind":0,"ty":"sh","ix":1,"ks":{"a":0,"k":{"i":[[0,0],[0,0],[0,0],[0,0],[0,0],[0,0],[0,0],[0,0]],"o":[[0,0],[0,0],[0,0],[0,0],[0,0],[0,0],[0,0],[0,0]],"v":[[42.499,0],[63.547,0],[42.499,-67.172],[20.746,-67.172],[0,0],[16.718,0],[20.746,-13.193],[38.773,-13.193]],"c":true},"ix":2},"nm":"A","mn":"ADBE Vector Shape - Group","hd":false},{"ind":1,"ty":"sh","ix":2,"ks":{"a":0,"k":{"i":[[0,0],[0,0],[0,0]],"o":[[0,0],[0,0],[0,0]],"v":[[24.271,-27.795],[29.709,-47.333],[35.147,-27.795]],"c":true},"ix":2},"nm":"A","mn":"ADBE Vector Shape - Group","hd":false}],"nm":"A","np":5,"cix":2,"bm":0,"ix":1,"mn":"ADBE Vector Group","hd":false}]},"fFamily":"FranklinGothic URW"},{"ch":"R","size":181.268859863281,"style":"Heavy","w":69,"data":{"shapes":[{"ty":"gr","it":[{"ind":0,"ty":"sh","ix":1,"ks":{"a":0,"k":{"i":[[0,0],[0,0],[0,8.459],[15.207,0],[0,0],[0,0],[0,0],[0,0],[0,0],[0,0]],"o":[[0,0],[8.661,-4.33],[0,-12.79],[0,0],[0,0],[0,0],[0,0],[0,0],[0,0],[0,0]],"v":[[65.561,0],[53.476,-29.205],[65.359,-46.729],[40.988,-67.172],[5.841,-67.172],[5.841,0],[26.486,0],[26.486,-25.58],[32.932,-25.58],[42.801,0]],"c":true},"ix":2},"nm":"R","mn":"ADBE Vector Shape - Group","hd":false},{"ind":1,"ty":"sh","ix":2,"ks":{"a":0,"k":{"i":[[0,0],[0,0],[0,0],[0,-4.028],[5.539,0]],"o":[[0,0],[0,0],[5.035,0],[0,4.028],[0,0]],"v":[[26.486,-39.981],[26.486,-52.872],[35.953,-52.872],[43.909,-46.426],[35.248,-39.981]],"c":true},"ix":2},"nm":"R","mn":"ADBE Vector Shape - Group","hd":false}],"nm":"R","np":5,"cix":2,"bm":0,"ix":1,"mn":"ADBE Vector Group","hd":false}]},"fFamily":"FranklinGothic URW"},{"ch":"N","size":181.268859863281,"style":"Heavy","w":68.6,"data":{"shapes":[{"ty":"gr","it":[{"ind":0,"ty":"sh","ix":1,"ks":{"a":0,"k":{"i":[[0,0],[0,0],[0,0],[0,0],[-1.108,-6.143],[3.726,6.042],[0,0],[0,0],[0,0],[0,0],[0,0],[1.309,5.841],[-0.705,-1.309],[-1.41,-2.518],[0,0]],"o":[[0,0],[0,0],[0,0],[0,5.338],[-1.309,-3.021],[0,0],[0,0],[0,0],[0,0],[0,0],[0,-3.323],[1.41,3.223],[1.41,2.417],[0,0],[0,0]],"v":[[63.245,0],[63.245,-67.172],[46.426,-67.172],[46.426,-47.232],[48.038,-29.608],[40.887,-42.599],[25.278,-67.172],[5.841,-67.172],[5.841,0],[22.559,0],[22.559,-32.529],[20.947,-43.506],[23.969,-36.96],[28.098,-29.608],[46.426,0]],"c":true},"ix":2},"nm":"N","mn":"ADBE Vector Shape - Group","hd":false}],"nm":"N","np":3,"cix":2,"bm":0,"ix":1,"mn":"ADBE Vector Group","hd":false}]},"fFamily":"FranklinGothic URW"},{"ch":" ","size":181.268859863281,"style":"Heavy","w":25,"data":{},"fFamily":"FranklinGothic URW"},{"ch":"M","size":181.268859863281,"style":"Heavy","w":84.1,"data":{"shapes":[{"ty":"gr","it":[{"ind":0,"ty":"sh","ix":1,"ks":{"a":0,"k":{"i":[[0,0],[0,0],[0,0],[0,0],[0,0],[0,0],[0,0],[0,0],[0,0],[0,0],[0,0],[0,0],[0,0]],"o":[[0,0],[0,0],[0,0],[0,0],[0,0],[0,0],[0,0],[0,0],[0,0],[0,0],[0,0],[0,0],[0,0]],"v":[[78.854,-67.172],[51.764,-67.172],[42.499,-31.522],[32.73,-67.172],[5.841,-67.172],[5.841,0],[21.249,0],[21.249,-48.038],[34.14,0],[47.232,0],[59.72,-48.038],[59.72,0],[78.854,0]],"c":true},"ix":2},"nm":"M","mn":"ADBE Vector Shape - Group","hd":false}],"nm":"M","np":3,"cix":2,"bm":0,"ix":1,"mn":"ADBE Vector Group","hd":false}]},"fFamily":"FranklinGothic URW"},{"ch":"O","size":181.268859863281,"style":"Heavy","w":69.1,"data":{"shapes":[{"ty":"gr","it":[{"ind":0,"ty":"sh","ix":1,"ks":{"a":0,"k":{"i":[[9.467,0],[0,-20.847],[-19.135,0],[0,20.645],[6.244,6.445]],"o":[[-19.336,0],[0,20.645],[18.832,0],[0,-10.977],[-5.942,-6.143]],"v":[[34.946,-68.179],[2.82,-33.536],[34.845,1.007],[66.669,-33.737],[57.605,-59.216]],"c":true},"ix":2},"nm":"O","mn":"ADBE Vector Shape - Group","hd":false},{"ind":1,"ty":"sh","ix":2,"ks":{"a":0,"k":{"i":[[-6.546,0],[0,-11.884],[0.504,-2.719],[5.136,0],[0,12.589]],"o":[[6.445,0],[0,3.625],[-1.007,6.848],[-6.546,0],[0,-13.092]],"v":[[35.046,-52.972],[44.513,-35.349],[43.707,-24.17],[34.744,-14.2],[24.976,-32.932]],"c":true},"ix":2},"nm":"O","mn":"ADBE Vector Shape - Group","hd":false}],"nm":"O","np":5,"cix":2,"bm":0,"ix":1,"mn":"ADBE Vector Group","hd":false}]},"fFamily":"FranklinGothic URW"},{"ch":"L","size":23.9200000762939,"style":"Demi","w":50.3,"data":{"shapes":[{"ty":"gr","it":[{"ind":0,"ty":"sh","ix":1,"ks":{"a":0,"k":{"i":[[0,0],[0,0],[0,0],[0,0],[0,0],[0,0]],"o":[[0,0],[0,0],[0,0],[0,0],[0,0],[0,0]],"v":[[22.659,-13.293],[22.659,-67.172],[6.747,-67.172],[6.747,0],[49.347,0],[49.347,-13.293]],"c":true},"ix":2},"nm":"L","mn":"ADBE Vector Shape - Group","hd":false}],"nm":"L","np":3,"cix":2,"bm":0,"ix":1,"mn":"ADBE Vector Group","hd":false}]},"fFamily":"FranklinGothic URW"},{"ch":"e","size":23.9200000762939,"style":"Demi","w":53.5,"data":{"shapes":[{"ty":"gr","it":[{"ind":0,"ty":"sh","ix":1,"ks":{"a":0,"k":{"i":[[0,0],[2.921,4.935],[8.258,0],[0,-15.509],[-14.703,0],[-4.33,4.633],[-1.712,5.237],[0,0],[4.834,0],[0,6.445],[-0.101,0.806]],"o":[[-0.101,-8.762],[-3.726,-6.445],[-14.2,0],[0,15.207],[7.251,0],[2.719,-2.921],[0,0],[-1.007,5.035],[-5.74,0],[0,-0.403],[0,0]],"v":[[50.656,-22.357],[46.628,-40.182],[27.191,-50.656],[3.223,-24.371],[27.695,1.007],[44.614,-5.74],[50.354,-16.214],[37.061,-17.12],[28.198,-9.366],[18.631,-20.041],[18.732,-22.357]],"c":true},"ix":2},"nm":"e","mn":"ADBE Vector Shape - Group","hd":false},{"ind":1,"ty":"sh","ix":2,"ks":{"a":0,"k":{"i":[[0,0],[-5.539,0],[-0.604,-7.15]],"o":[[0.705,-6.949],[5.338,0],[0,0]],"v":[[18.732,-30.917],[27.896,-41.089],[36.255,-30.917]],"c":true},"ix":2},"nm":"e","mn":"ADBE Vector Shape - Group","hd":false}],"nm":"e","np":5,"cix":2,"bm":0,"ix":1,"mn":"ADBE Vector Group","hd":false}]},"fFamily":"FranklinGothic URW"},{"ch":"a","size":23.9200000762939,"style":"Demi","w":54.1,"data":{"shapes":[{"ty":"gr","it":[{"ind":0,"ty":"sh","ix":1,"ks":{"a":0,"k":{"i":[[0,0],[0,5.942],[0,0],[2.115,2.719],[8.057,0],[4.33,-3.323],[1.007,-5.338],[0,0],[-4.834,0],[0,-4.834],[0,0],[3.928,-1.41],[0,-7.05],[-9.467,0],[-4.834,6.546],[0,-0.101],[-0.604,-3.223]],"o":[[-0.906,-3.323],[0,0],[0,-7.352],[-3.223,-3.928],[-7.251,0],[-3.122,2.417],[0,0],[0.604,-4.733],[4.935,0],[0,0],[-11.179,0.906],[-7.15,2.719],[0,8.459],[7.15,0],[-0.101,0.604],[0,2.618],[0,0]],"v":[[49.347,0],[48.441,-9.265],[48.441,-31.723],[45.721,-44.412],[27.896,-50.656],[10.172,-45.621],[4.532,-35.147],[18.027,-33.838],[26.486,-41.089],[33.838,-33.838],[33.838,-31.018],[14.099,-27.896],[3.021,-12.891],[18.631,1.007],[34.543,-7.755],[34.442,-6.445],[35.147,0]],"c":true},"ix":2},"nm":"a","mn":"ADBE Vector Shape - Group","hd":false},{"ind":1,"ty":"sh","ix":2,"ks":{"a":0,"k":{"i":[[0,0],[5.237,0],[0,3.726],[-4.33,1.41],[-4.532,0.504]],"o":[[0,6.244],[-3.726,0],[0,-3.625],[2.518,-0.906],[0,0]],"v":[[33.838,-19.235],[24.673,-8.157],[18.43,-14.502],[24.976,-22.055],[33.838,-23.767]],"c":true},"ix":2},"nm":"a","mn":"ADBE Vector Shape - Group","hd":false}],"nm":"a","np":5,"cix":2,"bm":0,"ix":1,"mn":"ADBE Vector Group","hd":false}]},"fFamily":"FranklinGothic URW"},{"ch":"r","size":23.9200000762939,"style":"Demi","w":33.8,"data":{"shapes":[{"ty":"gr","it":[{"ind":0,"ty":"sh","ix":1,"ks":{"a":0,"k":{"i":[[0,0],[0,0],[-7.452,0],[-0.604,-0.101],[0,0],[0.604,0],[2.115,-7.05],[0,0],[0,0],[0,0]],"o":[[0,0],[0,-10.574],[0.201,0],[0,0],[-1.007,-0.101],[-5.237,0],[0,0],[0,0],[0,0],[0,0]],"v":[[20.242,0],[20.242,-20.242],[31.421,-36.154],[32.831,-36.053],[32.831,-50.555],[30.212,-50.757],[19.437,-40.384],[19.437,-49.649],[6.042,-49.649],[6.042,0]],"c":true},"ix":2},"nm":"r","mn":"ADBE Vector Shape - Group","hd":false}],"nm":"r","np":3,"cix":2,"bm":0,"ix":1,"mn":"ADBE Vector Group","hd":false}]},"fFamily":"FranklinGothic URW"},{"ch":"n","size":23.9200000762939,"style":"Demi","w":54.9,"data":{"shapes":[{"ty":"gr","it":[{"ind":0,"ty":"sh","ix":1,"ks":{"a":0,"k":{"i":[[0,0],[0,0],[2.316,2.921],[5.035,0],[4.23,-7.251],[0,0],[0,0],[0,0],[0,0],[0,0],[-5.035,0],[-0.906,-2.014],[0,-5.237],[0,0]],"o":[[0,0],[0,-7.05],[-2.518,-3.122],[-6.949,0],[0,0],[0,0],[0,0],[0,0],[0,0],[0,-7.352],[2.518,0],[0.806,1.712],[0,0],[0,0]],"v":[[49.246,0],[49.246,-31.824],[45.923,-45.822],[34.14,-50.656],[19.638,-41.29],[19.638,-49.649],[6.042,-49.649],[6.042,0],[20.645,0],[20.645,-27.896],[28.4,-39.276],[33.737,-36.053],[34.644,-27.896],[34.644,0]],"c":true},"ix":2},"nm":"n","mn":"ADBE Vector Shape - Group","hd":false}],"nm":"n","np":3,"cix":2,"bm":0,"ix":1,"mn":"ADBE Vector Group","hd":false}]},"fFamily":"FranklinGothic URW"},{"ch":"i","size":23.9200000762939,"style":"Demi","w":26.5,"data":{"shapes":[{"ty":"gr","it":[{"ind":0,"ty":"sh","ix":1,"ks":{"a":0,"k":{"i":[[0,0],[0,0],[0,0],[0,0]],"o":[[0,0],[0,0],[0,0],[0,0]],"v":[[20.645,-49.649],[6.042,-49.649],[6.042,0],[20.645,0]],"c":true},"ix":2},"nm":"i","mn":"ADBE Vector Shape - Group","hd":false},{"ind":1,"ty":"sh","ix":2,"ks":{"a":0,"k":{"i":[[0,0],[0,0],[0,0],[0,0]],"o":[[0,0],[0,0],[0,0],[0,0]],"v":[[20.645,-68.481],[6.042,-68.481],[6.042,-53.879],[20.645,-53.879]],"c":true},"ix":2},"nm":"i","mn":"ADBE Vector Shape - Group","hd":false}],"nm":"i","np":5,"cix":2,"bm":0,"ix":1,"mn":"ADBE Vector Group","hd":false}]},"fFamily":"FranklinGothic URW"},{"ch":"g","size":23.9200000762939,"style":"Demi","w":57.5,"data":{"shapes":[{"ty":"gr","it":[{"ind":0,"ty":"sh","ix":1,"ks":{"a":0,"k":{"i":[[0,0],[1.511,0],[1.108,-7.452],[4.935,0],[0,-9.567],[-6.042,-2.719],[1.611,-1.108],[0,-3.223],[-4.532,-2.417],[0,-4.532],[-4.129,-1.611],[-9.064,0],[-5.035,3.122],[0,4.834],[5.338,1.611],[12.387,0.604],[0,3.424],[-1.913,1.108],[-3.122,0],[0,9.668],[3.021,3.525],[-3.223,0],[-1.913,-0.302]],"o":[[-1.712,-0.302],[-7.654,0],[-5.438,-1.712],[-13.998,0],[0,5.64],[-3.021,1.309],[-2.618,1.813],[0,3.928],[-5.841,1.611],[0,3.827],[4.431,1.913],[10.272,0],[4.33,-2.618],[0,-5.539],[-3.928,-1.108],[-10.373,-0.504],[0,-1.611],[2.82,0.504],[13.998,0],[0,-3.726],[0.604,-2.82],[1.208,0],[0,0]],"v":[[55.692,-57.806],[51.663,-58.209],[40.384,-48.541],[27.292,-50.656],[4.431,-35.046],[13.193,-22.961],[7.452,-19.94],[3.223,-11.884],[9.567,-3.021],[1.007,5.942],[7.755,14.905],[26.889,17.523],[48.34,13.193],[55.389,1.208],[46.628,-10.373],[29.306,-12.186],[17.02,-16.818],[19.638,-20.544],[27.695,-19.839],[50.052,-35.248],[46.124,-44.714],[51.764,-48.944],[55.692,-48.541]],"c":true},"ix":2},"nm":"g","mn":"ADBE Vector Shape - Group","hd":false},{"ind":1,"ty":"sh","ix":2,"ks":{"a":0,"k":{"i":[[-5.035,0],[0,-4.431],[5.136,0],[0,4.733]],"o":[[5.136,0],[0,4.532],[-4.935,0],[0,-4.532]],"v":[[27.191,-42.7],[35.651,-35.349],[27.09,-27.795],[19.135,-35.349]],"c":true},"ix":2},"nm":"g","mn":"ADBE Vector Shape - Group","hd":false},{"ind":2,"ty":"sh","ix":3,"ks":{"a":0,"k":{"i":[[0,0],[0,-3.223],[9.668,0],[0,3.525],[-1.913,0.201],[-0.806,-0.201]],"o":[[15.408,0],[0,3.424],[-10.373,0],[0,-2.014],[0.201,0],[0,0]],"v":[[22.458,0],[41.693,3.928],[28.098,8.661],[13.797,3.827],[17.422,-0.302],[19.034,-0.101]],"c":true},"ix":2},"nm":"g","mn":"ADBE Vector Shape - Group","hd":false}],"nm":"g","np":6,"cix":2,"bm":0,"ix":1,"mn":"ADBE Vector Group","hd":false}]},"fFamily":"FranklinGothic URW"},{"ch":"\r","size":23.9200000762939,"style":"Demi","w":0,"fFamily":"FranklinGothic URW"},{"ch":"s","size":23.9200000762939,"style":"Demi","w":48.8,"data":{"shapes":[{"ty":"gr","it":[{"ind":0,"ty":"sh","ix":1,"ks":{"a":0,"k":{"i":[[0,0],[10.474,0],[0,-9.97],[-4.834,-2.417],[-7.251,-0.906],[0,-2.316],[5.237,0],[1.208,4.431],[0,0],[-2.618,-2.518],[-8.057,0],[0,10.574],[4.028,2.316],[8.56,1.208],[0,2.82],[-4.532,0],[-1.41,-4.633]],"o":[[-3.625,-9.265],[-12.79,0],[0,5.64],[2.417,1.108],[3.928,0.604],[0,2.921],[-6.143,0],[0,0],[1.007,4.129],[4.33,4.129],[13.797,0],[0,-5.539],[-3.021,-1.813],[-6.546,-0.806],[0,-2.719],[5.237,0],[0,0]],"v":[[43.204,-37.665],[23.465,-50.656],[2.417,-34.341],[10.172,-21.451],[26.99,-17.725],[32.529,-13.696],[23.767,-8.762],[12.891,-15.408],[0.504,-13.696],[5.338,-4.935],[22.961,1.007],[45.319,-16.214],[38.974,-28.601],[23.868,-32.428],[15.509,-37.061],[22.861,-41.492],[32.529,-34.744]],"c":true},"ix":2},"nm":"s","mn":"ADBE Vector Shape - Group","hd":false}],"nm":"s","np":3,"cix":2,"bm":0,"ix":1,"mn":"ADBE Vector Group","hd":false}]},"fFamily":"FranklinGothic URW"},{"ch":"’","size":23.9200000762939,"style":"Demi","w":25.7,"data":{"shapes":[{"ty":"gr","it":[{"ind":0,"ty":"sh","ix":1,"ks":{"a":0,"k":{"i":[[0,0],[0,0],[0,0],[0,0],[0,0],[0,0],[0,0]],"o":[[0,0],[0,0],[0,0],[0,0],[0,0],[0,0],[0,0]],"v":[[5.841,-39.78],[11.279,-39.78],[20.142,-54.886],[20.142,-67.172],[5.841,-67.172],[5.841,-53.174],[12.689,-53.174]],"c":true},"ix":2},"nm":"’","mn":"ADBE Vector Shape - Group","hd":false}],"nm":"’","np":3,"cix":2,"bm":0,"ix":1,"mn":"ADBE Vector Group","hd":false}]},"fFamily":"FranklinGothic URW"},{"ch":"t","size":23.9200000762939,"style":"Demi","w":37.1,"data":{"shapes":[{"ty":"gr","it":[{"ind":0,"ty":"sh","ix":1,"ks":{"a":0,"k":{"i":[[0,0],[0,0],[0,0],[0,0],[0,0],[0,0],[0,0],[0,0],[0,0],[0,0],[0,0],[-12.186,0],[-6.445,1.007],[0,0],[1.41,0],[0,5.64]],"o":[[0,0],[0,0],[0,0],[0,0],[0,0],[0,0],[0,0],[0,0],[0,0],[0,0],[0,11.884],[2.417,0],[0,0],[-2.216,0.201],[-5.74,0],[0,0]],"v":[[22.458,-38.269],[33.133,-38.269],[33.133,-49.649],[22.458,-49.649],[22.458,-65.359],[9.869,-64.352],[8.661,-49.649],[0,-49.649],[0,-38.269],[7.855,-38.269],[7.855,-15.106],[24.573,1.108],[33.939,0],[33.939,-10.876],[29.306,-10.675],[22.458,-17.322]],"c":true},"ix":2},"nm":"t","mn":"ADBE Vector Shape - Group","hd":false}],"nm":"t","np":3,"cix":2,"bm":0,"ix":1,"mn":"ADBE Vector Group","hd":false}]},"fFamily":"FranklinGothic URW"},{"ch":" ","size":23.9200000762939,"style":"Demi","w":25,"data":{},"fFamily":"FranklinGothic URW"},{"ch":"c","size":23.9200000762939,"style":"Demi","w":51.5,"data":{"shapes":[{"ty":"gr","it":[{"ind":0,"ty":"sh","ix":1,"ks":{"a":0,"k":{"i":[[0,0],[4.633,0],[0,9.97],[-5.942,0],[-0.705,-6.244],[0,0],[3.223,3.625],[7.15,0],[0,-15.71],[-14.301,0],[-4.23,5.64],[-0.705,5.338]],"o":[[-0.906,5.841],[-5.841,0],[0,-10.071],[4.733,0],[0,0],[-0.705,-5.64],[-4.129,-4.633],[-14.703,0],[0,15.308],[8.057,0],[2.518,-3.223],[0,0]],"v":[[36.053,-19.437],[27.896,-10.876],[19.638,-24.976],[28.299,-39.679],[36.053,-30.716],[49.75,-31.522],[44.614,-43.707],[27.795,-50.656],[3.223,-24.472],[26.99,1.007],[45.52,-7.452],[49.75,-18.631]],"c":true},"ix":2},"nm":"c","mn":"ADBE Vector Shape - Group","hd":false}],"nm":"c","np":3,"cix":2,"bm":0,"ix":1,"mn":"ADBE Vector Group","hd":false}]},"fFamily":"FranklinGothic URW"},{"ch":"d","size":23.9200000762939,"style":"Demi","w":53.9,"data":{"shapes":[{"ty":"gr","it":[{"ind":0,"ty":"sh","ix":1,"ks":{"a":0,"k":{"i":[[0,0],[0,0],[0,0],[5.64,0],[0,-16.818],[-11.078,0],[-3.726,6.345],[0,0],[0,0]],"o":[[0,0],[0,0],[-3.525,-4.633],[-11.884,0],[0,15.811],[6.143,0],[0,0],[0,0],[0,0]],"v":[[48.239,-67.172],[34.039,-67.172],[34.039,-44.412],[21.854,-50.656],[3.323,-24.271],[21.048,1.007],[34.644,-7.755],[34.644,0],[48.239,0]],"c":true},"ix":2},"nm":"d","mn":"ADBE Vector Shape - Group","hd":false},{"ind":1,"ty":"sh","ix":2,"ks":{"a":0,"k":{"i":[[0,0],[4.633,0],[0,9.467],[-5.539,0],[0,-7.755]],"o":[[0,6.042],[-5.035,0],[0,-10.977],[4.733,0],[0,0]],"v":[[34.039,-19.537],[26.285,-9.366],[18.53,-24.069],[26.788,-40.485],[34.039,-28.802]],"c":true},"ix":2},"nm":"d","mn":"ADBE Vector Shape - Group","hd":false}],"nm":"d","np":5,"cix":2,"bm":0,"ix":1,"mn":"ADBE Vector Group","hd":false}]},"fFamily":"FranklinGothic URW"},{"ch":"h","size":23.9200000762939,"style":"Demi","w":54.4,"data":{"shapes":[{"ty":"gr","it":[{"ind":0,"ty":"sh","ix":1,"ks":{"a":0,"k":{"i":[[0,0],[0,0],[0,0],[0,0],[0,0],[-1.108,1.813],[-2.618,0],[-1.007,-1.208],[0,-6.143],[0,0],[0,0],[0,0],[2.518,2.82],[4.633,0],[2.618,-5.035]],"o":[[0,0],[0,0],[0,0],[0,0],[0,-3.827],[1.309,-2.216],[1.712,0],[1.309,1.611],[0,0],[0,0],[0,0],[0,-6.949],[-2.618,-3.021],[-6.244,0],[0,0]],"v":[[20.242,-67.172],[6.042,-67.172],[6.042,0],[20.242,0],[20.242,-27.997],[21.753,-35.449],[28.4,-39.175],[32.529,-37.363],[34.14,-27.997],[34.14,0],[48.743,0],[48.743,-32.831],[45.419,-45.822],[33.838,-50.656],[20.242,-42.902]],"c":true},"ix":2},"nm":"h","mn":"ADBE Vector Shape - Group","hd":false}],"nm":"h","np":3,"cix":2,"bm":0,"ix":1,"mn":"ADBE Vector Group","hd":false}]},"fFamily":"FranklinGothic URW"},{"ch":"w","size":23.9200000762939,"style":"Demi","w":72.1,"data":{"shapes":[{"ty":"gr","it":[{"ind":0,"ty":"sh","ix":1,"ks":{"a":0,"k":{"i":[[0,0],[0,0],[0,0],[0,0],[0,0],[0,0],[0,0],[0,0],[0,0],[0,0],[0,0],[0,0],[0,0]],"o":[[0,0],[0,0],[0,0],[0,0],[0,0],[0,0],[0,0],[0,0],[0,0],[0,0],[0,0],[0,0],[0,0]],"v":[[71.704,-49.649],[60.425,-49.649],[51.965,-19.135],[44.714,-49.649],[31.421,-49.649],[23.868,-19.336],[15.811,-49.649],[0.504,-49.649],[15.811,0],[28.198,0],[35.953,-31.924],[43.808,0],[56.799,0]],"c":true},"ix":2},"nm":"w","mn":"ADBE Vector Shape - Group","hd":false}],"nm":"w","np":3,"cix":2,"bm":0,"ix":1,"mn":"ADBE Vector Group","hd":false}]},"fFamily":"FranklinGothic URW"},{"ch":".","size":23.9200000762939,"style":"Demi","w":26.6,"data":{"shapes":[{"ty":"gr","it":[{"ind":0,"ty":"sh","ix":1,"ks":{"a":0,"k":{"i":[[0,0],[0,0],[0,0],[0,0]],"o":[[0,0],[0,0],[0,0],[0,0]],"v":[[20.544,0],[20.544,-15.207],[5.338,-15.207],[5.338,0]],"c":true},"ix":2},"nm":".","mn":"ADBE Vector Shape - Group","hd":false}],"nm":".","np":3,"cix":2,"bm":0,"ix":1,"mn":"ADBE Vector Group","hd":false}]},"fFamily":"FranklinGothic URW"},{"ch":"P","size":23.9200000762939,"style":"Demi","w":59.5,"data":{"shapes":[{"ty":"gr","it":[{"ind":0,"ty":"sh","ix":1,"ks":{"a":0,"k":{"i":[[0,0],[0,0],[-4.23,3.625],[0,6.848],[4.532,3.827],[9.769,0],[0,0],[0,0],[0,0]],"o":[[0,0],[9.366,0],[4.633,-3.928],[0,-6.244],[-4.633,-4.129],[0,0],[0,0],[0,0],[0,0]],"v":[[22.76,-24.976],[33.838,-24.976],[51.562,-29.709],[58.813,-46.527],[52.066,-61.835],[33.234,-67.172],[6.747,-67.172],[6.747,0],[22.76,0]],"c":true},"ix":2},"nm":"P","mn":"ADBE Vector Shape - Group","hd":false},{"ind":1,"ty":"sh","ix":2,"ks":{"a":0,"k":{"i":[[0,0],[0,0],[0,0],[-1.813,-1.813],[0,-2.417],[1.41,-1.611],[4.23,0]],"o":[[0,0],[0,0],[3.928,0],[1.611,1.611],[0,2.316],[-1.913,2.115],[0,0]],"v":[[22.156,-37.161],[22.156,-54.987],[32.428,-54.987],[40.485,-52.469],[43.002,-46.124],[40.787,-40.082],[32.428,-37.161]],"c":true},"ix":2},"nm":"P","mn":"ADBE Vector Shape - Group","hd":false}],"nm":"P","np":5,"cix":2,"bm":0,"ix":1,"mn":"ADBE Vector Group","hd":false}]},"fFamily":"FranklinGothic URW"},{"ch":"o","size":23.9200000762939,"style":"Demi","w":53.5,"data":{"shapes":[{"ty":"gr","it":[{"ind":0,"ty":"sh","ix":1,"ks":{"a":0,"k":{"i":[[14.502,0],[0,-15.207],[-4.23,-5.035],[-7.452,0],[0,15.207]],"o":[[-13.998,0],[0,7.855],[4.431,5.136],[14.2,0],[0,-15.71]],"v":[[26.688,-50.656],[3.223,-25.177],[9.366,-6.546],[26.688,1.007],[50.757,-24.673]],"c":true},"ix":2},"nm":"o","mn":"ADBE Vector Shape - Group","hd":false},{"ind":1,"ty":"sh","ix":2,"ks":{"a":0,"k":{"i":[[-5.942,0],[0,-12.085],[5.74,0],[0,12.387]],"o":[[5.942,0],[0,10.977],[-5.942,0],[0,-10.574]],"v":[[27.09,-41.089],[35.349,-24.371],[26.99,-8.56],[18.631,-26.083]],"c":true},"ix":2},"nm":"o","mn":"ADBE Vector Shape - Group","hd":false}],"nm":"o","np":5,"cix":2,"bm":0,"ix":1,"mn":"ADBE Vector Group","hd":false}]},"fFamily":"FranklinGothic URW"},{"ch":"f","size":23.9200000762939,"style":"Demi","w":33.4,"data":{"shapes":[{"ty":"gr","it":[{"ind":0,"ty":"sh","ix":1,"ks":{"a":0,"k":{"i":[[0,0],[0,0],[0,0],[0,0],[0,0],[-4.028,0],[-2.518,-0.201],[0,0],[2.014,0],[2.82,-4.431],[0.101,-8.459],[0,0],[0,0],[0,0],[0,0],[0,0]],"o":[[0,0],[0,0],[0,0],[0,0],[0,-5.035],[1.41,0],[0,0],[-3.122,-0.504],[-7.352,0],[-1.712,2.82],[0,0],[0,0],[0,0],[0,0],[0,0],[0,0]],"v":[[21.249,-38.269],[30.313,-38.269],[30.313,-49.649],[21.249,-49.649],[21.249,-51.562],[26.486,-58.209],[31.522,-57.907],[31.522,-69.186],[24.673,-69.791],[9.265,-63.144],[7.05,-49.649],[1.309,-49.649],[1.309,-38.269],[7.05,-38.269],[7.05,0],[21.249,0]],"c":true},"ix":2},"nm":"f","mn":"ADBE Vector Shape - Group","hd":false}],"nm":"f","np":3,"cix":2,"bm":0,"ix":1,"mn":"ADBE Vector Group","hd":false}]},"fFamily":"FranklinGothic URW"},{"ch":"l","size":23.9200000762939,"style":"Demi","w":26.5,"data":{"shapes":[{"ty":"gr","it":[{"ind":0,"ty":"sh","ix":1,"ks":{"a":0,"k":{"i":[[0,0],[0,0],[0,0],[0,0]],"o":[[0,0],[0,0],[0,0],[0,0]],"v":[[6.042,0],[20.645,0],[20.645,-67.172],[6.042,-67.172]],"c":true},"ix":2},"nm":"l","mn":"ADBE Vector Shape - Group","hd":false}],"nm":"l","np":3,"cix":2,"bm":0,"ix":1,"mn":"ADBE Vector Group","hd":false}]},"fFamily":"FranklinGothic URW"},{"ch":"U","size":23.9200000762939,"style":"Demi","w":64.9,"data":{"shapes":[{"ty":"gr","it":[{"ind":0,"ty":"sh","ix":1,"ks":{"a":0,"k":{"i":[[0,0],[0,0],[0,0],[1.511,-1.913],[4.33,0],[1.712,2.417],[0,5.438],[0,0],[0,0],[0,0],[-4.23,-4.23],[-9.467,0],[-4.733,4.23],[0,10.977]],"o":[[0,0],[0,0],[0,5.74],[-1.712,2.216],[-4.33,0],[-1.41,-2.014],[0,0],[0,0],[0,0],[0,9.869],[4.733,4.431],[8.963,0],[4.733,-4.23],[0,0]],"v":[[59.619,-67.172],[46.225,-67.172],[46.225,-25.278],[44.312,-15.408],[34.442,-11.783],[24.976,-15.509],[23.062,-25.278],[23.062,-67.172],[6.042,-67.172],[6.042,-25.278],[11.984,-5.64],[33.032,1.007],[53.375,-5.237],[59.619,-25.278]],"c":true},"ix":2},"nm":"U","mn":"ADBE Vector Shape - Group","hd":false}],"nm":"U","np":3,"cix":2,"bm":0,"ix":1,"mn":"ADBE Vector Group","hd":false}]},"fFamily":"FranklinGothic URW"},{"ch":"V","size":23.9200000762939,"style":"Demi","w":55.5,"data":{"shapes":[{"ty":"gr","it":[{"ind":0,"ty":"sh","ix":1,"ks":{"a":0,"k":{"i":[[0,0],[0,0],[0,0],[0,0],[0,0],[0,0],[0,0]],"o":[[0,0],[0,0],[0,0],[0,0],[0,0],[0,0],[0,0]],"v":[[56.598,-67.172],[43.405,-67.172],[29.407,-19.135],[16.013,-67.172],[-0.705,-67.172],[19.437,0],[36.356,0]],"c":true},"ix":2},"nm":"V","mn":"ADBE Vector Shape - Group","hd":false}],"nm":"V","np":3,"cix":2,"bm":0,"ix":1,"mn":"ADBE Vector Group","hd":false}]},"fFamily":"FranklinGothic URW"},{"ch":"A","size":23.9200000762939,"style":"Demi","w":63.9,"data":{"shapes":[{"ty":"gr","it":[{"ind":0,"ty":"sh","ix":1,"ks":{"a":0,"k":{"i":[[0,0],[0,0],[0,0],[0,0],[0,0],[0,0],[0,0],[0,0]],"o":[[0,0],[0,0],[0,0],[0,0],[0,0],[0,0],[0,0],[0,0]],"v":[[39.679,-67.172],[21.451,-67.172],[0,0],[13.797,0],[18.027,-13.797],[39.679,-13.797],[43.808,0],[60.727,0]],"c":true},"ix":2},"nm":"A","mn":"ADBE Vector Shape - Group","hd":false},{"ind":1,"ty":"sh","ix":2,"ks":{"a":0,"k":{"i":[[0,0],[0,0],[0,0]],"o":[[0,0],[0,0],[0,0]],"v":[[21.753,-26.184],[28.903,-49.75],[36.053,-26.184]],"c":true},"ix":2},"nm":"A","mn":"ADBE Vector Shape - Group","hd":false}],"nm":"A","np":5,"cix":2,"bm":0,"ix":1,"mn":"ADBE Vector Group","hd":false}]},"fFamily":"FranklinGothic URW"},{"ch":"x","size":23.9200000762939,"style":"Demi","w":49.4,"data":{"shapes":[{"ty":"gr","it":[{"ind":0,"ty":"sh","ix":1,"ks":{"a":0,"k":{"i":[[0,0],[0,0],[0,0],[0,0],[0,0],[0,0],[0,0],[0,0],[0,0],[0,0],[0,0],[0,0]],"o":[[0,0],[0,0],[0,0],[0,0],[0,0],[0,0],[0,0],[0,0],[0,0],[0,0],[0,0],[0,0]],"v":[[47.333,-49.649],[34.744,-49.649],[26.889,-36.255],[18.933,-49.649],[2.216,-49.649],[16.415,-26.688],[0,0],[12.589,0],[22.659,-17.12],[33.032,0],[49.75,0],[33.032,-26.688]],"c":true},"ix":2},"nm":"x","mn":"ADBE Vector Shape - Group","hd":false}],"nm":"x","np":3,"cix":2,"bm":0,"ix":1,"mn":"ADBE Vector Group","hd":false}]},"fFamily":"FranklinGothic URW"}]}